,smiles,ESOL,group
0,N#CC(OC1OC(COC2OC(CO)C(O)C(O)C2O)C(O)C(O)C1O)c1ccccc1,-0.77,training
1,Cc1occc1C(=O)Nc1ccccc1,-3.3,training
2,CC(C)=CCCC(C)=CC=O,-2.06,training
3,c1ccc2c(c1)ccc1c2ccc2c3ccccc3ccc21,-7.87,training
4,c1ccsc1,-1.33,training
5,c1ccc2scnc2c1,-1.5,training
6,Clc1cc(Cl)c(-c2c(Cl)cccc2Cl)c(Cl)c1,-7.32,training
7,CC12CCC3c4ccc(O)cc4CCC3C1CCC2O,-5.03,training
8,ClC1=C(Cl)C2(Cl)C3C4CC(C5OC45)C3C1(Cl)C2(Cl)Cl,-6.29,training
10,O=C1CCCN1,1.07,training
11,Clc1ccc2ccccc2c1,-4.14,training
13,CCC1(c2ccccc2)C(=O)NCNC1=O,-2.64,training
15,CC(C)Cl,-1.41,training
16,CCC(C)CO,-0.47,training
17,N#Cc1ccccc1,-1.0,training
18,CCOP(=S)(OCC)Oc1cc(C)nc(C(C)C)n1,-3.64,training
20,Clc1ccc(-c2c(Cl)ccc(Cl)c2Cl)c(Cl)c1,-7.43,training
22,CCOP(=S)(OCC)SCSCC,-4.11,training
23,CCOc1ccc(NC(C)=O)cc1,-2.35,training
24,CCN(CC)c1c([N+](=O)[O-])cc(C(F)(F)F)c(N)c1[N+](=O)[O-],-5.47,training
25,CCCCCCCO,-1.81,training
26,Cn1c(=O)c2[nH]cnc2n(C)c1=O,-1.39,training
27,CCCCC1(CC)C(=O)NC(=O)NC1=O,-1.661,training
28,ClC(Cl)=C(c1ccc(Cl)cc1)c1ccc(Cl)cc1,-6.9,training
29,CCCCCCCC(=O)OC,-3.17,training
30,CCc1ccc(CC)cc1,-3.75,training
31,CCOP(=S)(OCC)SCSC(C)(C)C,-4.755,training
32,COC(=O)Nc1cccc(OC(=O)Nc2cccc(C)c2)c1,-4.805,training
33,C=C(Cl)Cl,-1.64,training
34,Cc1cccc2c1Cc1ccccc1-2,-5.22,training
35,CCCCC=O,-0.85,training
36,c1ccc(Nc2ccccc2)cc1,-3.5039999999999996,training
37,CN(C)C(=O)SCCCCOc1ccccc1,-3.927,training
40,Clc1cccc(-c2ccccc2)c1,-4.88,training
41,C=CCCCO,-0.15,training
42,O=C1NC(=O)C2(CCC2)C(=O)N1,-1.655,training
45,CCCCCC(C)O,-1.55,training
46,CC(=O)Nc1ccc(Br)cc1,-3.083,training
47,Nc1cnn(-c2ccccc2)c(=O)c1Br,-3.127,training
48,COC(=O)C1=C(C)NC(C)=C(C(=O)OC)C1c1ccccc1[N+](=O)[O-],-4.76,training
49,Cc1ccc2ccc(C)nc2c1,-1.94,training
50,C#CCCCCCC,-3.66,training
51,CCC1(C2=CCCCC2)C(=O)NC(=O)NC1=O,-2.17,training
52,c1ccc2c(c1)ccc1c3ccccc3ccc21,-8.057,training
56,CC(C)CCC(C)(C)C,-5.05,training
58,Cc1cc2c3ccccc3ccc2c2ccccc12,-6.57,training
59,CCCC(C)=O,-0.19,training
60,Clc1cc(Cl)c(Cl)c(-c2c(Cl)c(Cl)cc(Cl)c2Cl)c1Cl,-9.15,training
61,CCCOC(=O)CC,-0.82,training
62,CC12C=CC(=O)C=C1CCC1C3CC(O)C(O)(C(=O)CO)C3(C)CC(O)C12F,-3.68,training
63,Nc1ccc(O)cc1,-0.8,training
65,O=C1C(O)=C(C2CCC(c3ccc(Cl)cc3)CC2)C(=O)c2ccccc21,-5.931,training
66,CCNc1nc(Cl)nc(N(CC)CC)n1,-4.06,training
67,NC(=O)c1cnccn1,-0.667,training
68,CCC(Br)(CC)C(=O)NC(N)=O,-2.68,training
71,O=[N+]([O-])c1ccc(Oc2ccc(Cl)cc2Cl)cc1,-5.46,training
72,CC12CCC(CC1=O)C2(C)C,-1.96,training
73,C=CCC1(c2ccccc2)C(=O)NC(=O)NC1=O,-2.369,training
74,CCCCC(=O)OCC,-2.25,training
75,CC(=O)OCCC(C)C,-1.92,training
76,CCCCCC(=O)OCN1C(=O)NC(c2ccccc2)(c2ccccc2)C1=O,-5.886,training
77,Clc1cccc(-c2cc(Cl)ccc2Cl)c1,-6.01,training
78,CCCBr,-1.73,training
79,CCCC1COC(Cn2cncn2)(c2ccc(Cl)cc2Cl)O1,-3.4930000000000003,training
80,COP(=S)(OC)SCC(=O)N(C)C=O,-1.995,training
81,Cc1ncnc2nccnc12,-0.466,training
82,NC(N)=S,0.32,training
83,Cc1ccc(C)cc1,-2.77,training
84,CCc1ccccc1CC,-3.28,training
85,ClC(Cl)(Cl)C(Cl)(Cl)Cl,-3.67,training
88,CC1CCC(C(C)C)C(=O)C1,-2.35,training
89,CCN1c2cc(Cl)ccc2NC(=O)c2cccnc21,-5.36,training
90,O=[N+]([O-])c1cccc(Cl)c1Cl,-3.48,training
92,c1ccc2c(c1)-c1cccc3cccc-2c13,-6.0,training
93,CCCOC(C)C,-1.34,training
95,CCC(=C(CC)c1ccc(O)cc1)c1ccc(O)cc1,-4.07,training
96,N#Cc1c(Cl)c(Cl)c(Cl)c(C#N)c1Cl,-5.64,training
97,Clc1ccc(Cl)c(-c2ccc(Cl)c(Cl)c2)c1,-7.25,training
100,CC12CCC(=O)C=C1CCC1C2CCC2(C)C(C(=O)CO)CCC12,-3.45,training
101,Clc1c(Cl)c(Cl)c2nccnc2c1Cl,-5.43,training
102,OC1COC(O)C(O)C1O,0.39,training
103,ClCCl,-0.63,training
104,CCc1cccc2ccccc12,-4.17,training
107,Cc1c[nH]c(=O)[nH]c1=O,-1.506,training
108,CC(C)C,-2.55,training
110,N#Cc1cc(I)c(O)c(I)c1,-3.61,training
111,O=C(Nc1ccc([N+](=O)[O-])cc1Cl)c1cc(Cl)ccc1O,-4.7,training
112,CCCCC,-3.18,training
113,Oc1ccccc1,0.0,training
114,Nc1ccc2cc3ccccc3cc2c1,-5.17,training
116,c1ccc2cnccc2c1,-1.45,training
117,COP(=S)(OC)SCC(=O)N(c1ccc(Cl)cc1)C(C)C,-4.4319999999999995,training
118,CCCCCCc1ccccc1,-5.21,training
121,CC(C)C(C)C(C)C,-4.8,training
122,Clc1cc(Cl)c(Cl)c(Cl)c1Cl,-5.65,training
123,O=[N+]([O-])c1cccc(O)c1,-1.01,training
124,C=CCCCCCCCC,-5.51,training
126,CCCCc1c(C)nc(N(C)C)nc1O,-2.24,training
127,CC1(C)C(C=C(Cl)Cl)C1C(=O)OC(C#N)c1ccc(F)c(Oc2ccccc2)c1,-7.3370000000000015,training
128,c1ccncc1,0.76,training
129,CCCCCCCBr,-4.43,training
130,Cc1ccncc1C,0.36,training
131,CC12CCC(=O)C=C1CCC1C3CCC(O)(C(=O)CO)C3(C)CC(O)C12F,-3.43,training
132,CCSCc1ccccc1OC(=O)NC,-2.09,training
133,CCOC(=O)CC(=O)OCC,-0.82,training
135,c1ccc2c(c1)CCC2,-3.04,training
136,CC(C)(C)c1ccc(O)cc1,-2.41,training
138,Clc1cccc(I)c1,-3.55,training
140,C/C=C/CC,-2.54,training
141,Cc1cccc(C)n1,0.45,training
142,ClC=C(Cl)Cl,-1.96,training
143,Nc1cccc2ccccc12,-1.92,training
144,Cc1cccc(C)c1,-2.82,training
145,Oc1ncc2nccnc2n1,-1.9469999999999998,training
146,CO,1.57,training
147,CCC(C)=O,0.52,training
149,Nc1ncnc2c1ccn2C1OC(CO)C(O)C1O,-1.95,training
150,Oc1cccc(O)c1,0.81,training
153,C=CC=C,-1.87,training
154,CCCOC(C)=O,-0.72,training
155,Oc1ccc2c(c1)CCCC2,-1.99,training
156,NC(=O)CCl,-0.02,training
160,Cc1ccc(OP(=O)(Oc2cccc(C)c2)Oc2ccccc2C)cc1,-6.01,training
161,CCCCCC=O,-1.3,training
162,CCCCOC(=O)c1ccc(N)cc1,-3.082,training
163,Cc1ccc2c(c1)Oc1ncc(N)cc1C(=O)N2C,-3.043,training
164,CC(C)=CCC/C(C)=C\CO,-2.46,training
165,Clc1ccc(-c2ccccc2Cl)cc1,-5.28,training
166,CCCCCCCC(=O)OCN1C(=O)NC(c2ccccc2)(c2ccccc2)C1=O,-6.523,training
167,CC[N+](=O)[O-],-0.22,training
168,C=C(C)CN(CC)c1c([N+](=O)[O-])cc(C(F)(F)F)cc1[N+](=O)[O-],-6.124,training
170,CCCC(C)(COC(N)=O)COC(N)=O,-1.807,training
171,CC(=O)C1CCC2C3CC=C4CC(O)CCC4(C)C3CCC12C,-4.65,training
173,CC1CC(C)C(=O)C(C(O)CC2CC(=O)NC(=O)C2)C1,-1.13,training
174,CCCCCCC(=O)OCN1C(=O)NC(c2ccccc2)(c2ccccc2)C1=O,-6.301,training
176,CCC(C)C1(CC)C(=O)NC(=O)NC1=O,-2.39,training
177,CCCCC(=O)CCCC,-2.58,training
178,CCC1(c2ccccc2)CCC(=O)NC1=O,-2.3369999999999997,training
180,CCOc1ccc(C(C)(C)COCc2cccc(Oc3ccccc3)c2)cc1,-8.6,training
181,Cc1ccccc1-n1c(C)nc2ccccc2c1=O,-2.925,training
182,N#CCCl,-0.092,training
184,C#CC1(O)CCC2C3CCC4=CC(=O)CCC4(C)C3CCC21C,-5.66,training
185,c1ccnnc1,1.1,training
186,Clc1cc(Cl)c(Cl)c(Cl)c1,-4.63,training
187,CC1COC2CC3(C)C(CC4C5C=C6CC(O)CCC6(C)CC5CCC43C)OC2C1,-7.32,training
188,Nc1ccccc1O,-0.72,training
189,CCCCCCCCC(=O)OCC,-3.8,training
191,CNC(=O)Oc1ccccc1OC(C)C,-2.05,training
192,CCC(C)Cl,-1.96,training
193,Oc1ccc2ccccc2c1,-2.28,training
194,CC(C)Oc1cc(-n2nc(C(C)(C)C)oc2=O)c(Cl)cc1Cl,-5.6960000000000015,training
195,C#CCCCC,-2.36,training
198,CC(C)OC(C)C,-1.1,training
199,Nc1ccc(S(=O)(=O)c2ccc(N)cc2)cc1,-3.094,training
200,CNN,1.34,training
201,C#CC,-0.41,training
202,CCOP(=S)(OCC)ON=C(C#N)c1ccccc1,-4.862,training
203,CCNP(=S)(OC)OC(C)=CC(=O)OC(C)C,-3.408,training
204,C=CC=O,0.57,training
205,O=c1[nH]cnc2nc[nH]c12,-2.296,training
206,Oc1ccc2ncccc2c1,-2.16,training
208,CCCCl,-1.47,training
209,CCOC(C)=O,-0.04,training
210,CCCC(C)(C)C,-4.36,training
211,Cc1cc(C)c(C)c(C)c1C,-4.0,training
212,CCCCOC(=O)CCCCCCCCC(=O)OCCCC,-3.8960000000000004,training
214,Cc1cccnc1C,0.38,training
216,CCOP(=S)(OCC)SCSc1ccc(Cl)cc1,-5.7360000000000015,training
217,COc1cc(C2c3cc4c(cc3C(OC3OC5COC(C)OC5C(O)C3O)C3COC(=O)C23)OCO4)cc(OC)c1O,-3.571,training
218,c1cc2cccc3c4cccc5cccc(c(c1)c23)c54,-8.804,training
219,Cc1ccc([N+](=O)[O-])cc1[N+](=O)[O-],-2.82,training
220,Brc1ccc2ccccc2c1,-4.4,training
222,COc1cnc2ncncc2n1,-1.139,training
223,Cc1ccnc2c1NC(=O)c1cccnc1N2C1CC1,-3.19,training
225,C=CC(=C)C,-2.03,training
226,C=CC(C)(O)CCC=C(C)C,-1.99,training
227,COP(=S)(OC)Oc1ccc(SC)c(C)c1,-4.57,training
228,OC1CCCCC1,-0.44,training
229,C=CCC1(C)C(=O)NC(=O)NC1=O,-1.16,training
230,Cc1ccc(-c2ccccc2)cc1,-4.62,training
231,CCNc1nc(Cl)nc(NC(C)C)n1,-3.85,training
233,CCCC(=O)CCC,-1.3,training
234,CC(=O)C(C)(C)C,-0.72,training
235,Oc1ccc(Cl)cc1,-0.7,training
236,O=C1CCCCC1,-0.6,training
237,Cc1cccc(N)c1,-0.85,training
239,CNc1cnn(-c2cccc(C(F)(F)F)c2)c(=O)c1Cl,-4.046,training
240,CCCCCCCCC(C)=O,-3.3,training
242,CCOC(=O)c1ccc(N)cc1,-2.616,training
243,Clc1ccc(Cl)c(Cl)c1,-3.59,training
245,Oc1ccccc1O,0.62,training
248,Cc1ccccc1Br,-2.23,training
249,CCOC(N)=O,0.85,training
251,CC(C)C(O)C(C)C,-1.22,training
252,c1ccc2ccccc2c1,-3.6,training
254,O=C1NC(=O)C(c2ccccc2)(c2ccccc2)N1,-4.0969999999999995,training
256,CCOP(=S)(OCC)SC(CCl)N1C(=O)c2ccccc2C1=O,-6.34,training
257,COc1ccc(C(c2ccc(OC)cc2)C(Cl)(Cl)Cl)cc1,-6.89,training
258,O=C(NC(=O)c1c(F)cccc1F)Nc1cc(Cl)c(F)c(Cl)c1F,-7.28,training
260,CN(C)C(=O)Nc1ccc(Cl)cc1,-2.89,training
261,OC(Cn1cncn1)(c1ccc(F)cc1)c1ccccc1F,-3.37,training
262,CC(=O)OCC(=O)C1(O)C(OC(C)=O)CC2C3CCC4=CC(=O)C=CC4(C)C3(F)C(O)CC21C,-4.13,training
263,CCCCBr,-2.37,training
265,CC(=O)CC(C)C,-0.74,training
266,CCSC(=O)N(CC)C1CCCCC1,-3.4,training
267,COc1ccc(Cl)cc1,-2.78,training
268,CC1(C)C(C=C(Br)Br)C1C(=O)OC(C#N)c1cccc(Oc2ccccc2)c1,-8.402000000000001,training
269,C=CCC1(C(C)CC)C(=O)NC(=O)NC1=O,-2.016,training
271,Ic1cccc2ccccc12,-4.55,training
272,CCS,-0.6,training
273,ClCC(Cl)Cl,-1.48,training
274,Cc1cc(OC(=O)N(C)C)n(-c2ccccc2)n1,-2.09,training
275,NC(=O)c1ccccc1O,-1.82,training
276,Cc1ccccc1[N+](=O)[O-],-2.33,training
277,CC(C)C1(C(C)C)C(=O)NC(=O)NC1=O,-2.766,training
278,CCc1ccccc1C,-3.21,training
279,CCCCCCCCl,-4.0,training
280,CCC1(CC)C(=O)NC(=O)NC1=O,-2.4,training
282,ClC(Cl)C(Cl)Cl,-1.74,training
284,Cc1ccc2c(ccc3ccccc32)c1,-5.84,training
285,CCCCOC(=O)c1ccccc1C(=O)OCCCC,-4.4,training
287,CCN(CC)C(=O)C(Cl)=CCOP(=O)(OC)OC,0.523,training
289,CCOC(=O)c1ccccc1S(=O)(=O)NN(C=O)c1nc(Cl)cc(OC)n1,-4.5760000000000005,training
290,COc1ccc([N+](=O)[O-])cc1,-2.41,training
291,CCCCCCCl,-3.12,training
294,CCCCCCCCCCCCCCCCCCCCCCCCCC,-8.334,training
295,CCN1c2ccccc2N(C)C(=O)c2cccnc21,-3.324,training
297,Nc1ccc(S(N)(=O)=O)cc1,-1.34,training
298,CCCN(CCC)c1c([N+](=O)[O-])cc(C(C)C)cc1[N+](=O)[O-],-6.49,training
299,ClC1C(Cl)C(Cl)C(Cl)C(Cl)C1Cl,-4.64,training
300,CCOP(=S)(NC(C)C)Oc1ccccc1C(=O)OC(C)C,-4.194,training
301,Clc1cccc(Cl)c1Cl,-4.0,training
302,ClC(Cl)(Cl)Cl,-2.31,training
304,OC1CCCCCCC1,-1.29,training
305,CC12CCC(=O)C=C1CCC1C2CCC2(C)C1CCC2(C)O,-3.9989999999999997,training
306,CCOc1ccc(NC(N)=O)cc1,-2.17,training
307,CC1CCC(C)CC1,-4.47,training
310,CC=Cc1ccc(OC)cc1,-3.13,training
311,CCCCCCCCCCCCCCCCO,-7.0,training
312,O=c1cc[nH]c(=O)[nH]1,-1.4880000000000002,training
313,Nc1ncnc2nc[nH]c12,-2.12,training
314,Clc1cc(Cl)c(-c2cccc(Cl)c2Cl)cc1Cl,-7.21,training
315,COc1ccc(C(O)(c2cncnc2)C2CC2)cc1,-2.596,training
316,c1ccc2c(c1)-c1cccc3c1c-2cc1ccccc13,-8.23,training
317,O=C(Nc1ccccc1)Nc1ccccc1,-3.15,training
318,CCC1(c2ccccc2)C(=O)NC(=O)NC1=O,-2.322,training
319,Clc1ccc(-c2cccc(Cl)c2Cl)cc1,-6.29,training
320,CC(C)c1ccc(NC(=O)N(C)C)cc1,-3.536,training
321,CCN(CC)C(=O)CSc1ccc(Cl)nn1,-1.716,training
322,CCC(C)(C)CO,-1.04,training
323,CCCOC(=O)CCC,-1.75,training
325,CC(C)OP(=S)(OC(C)C)SCCNS(=O)(=O)c1ccccc1,-4.2,training
326,C1CCCCCC1,-3.51,training
328,Cc1ccccc1C(C)C,-3.76,training
329,Nc1cccc(Cl)c1,-1.37,training
330,CC(C)CC(C)C,-4.26,training
331,c1ccc2c(c1)oc1ccccc12,-4.6,training
335,CC12CCC(=O)C=C1CCC1C2C(=O)CC2(C)C1CCC2(O)C(=O)CO,-3.11,training
336,OCC1OC(O)C(O)C(O)C1O,0.74,training
338,CC1Cc2ccccc2N1NC(=O)c1ccc(Cl)c(S(N)(=O)=O)c1,-3.5860000000000003,training
339,CCC(C)C(=O)OC1CC(C)C=C2C=CC(C)C(CCC3CC(O)CC(=O)O3)C21,-6.005,training
340,O=[N+]([O-])c1ccc([N+](=O)[O-])cc1,-3.39,training
341,CCC1(C2=CCC3CCC2C3)C(=O)NC(=O)NC1=O,-2.696,training
342,CCCCCCCCCC(=O)OCC,-4.1,training
343,CN(C)C(=O)Nc1ccccc1,-1.6,training
344,CCCOCC,-0.66,training
347,ClC(Br)Br,-1.9,training
348,CCC(c1ccc(O)cc1)C(CC)c1ccc(O)cc1,-4.43,training
349,CCOC(=O)CC(SP(=S)(OC)OC)C(=O)OCC,-3.37,training
352,CON(C)C(=O)Nc1ccc(Br)c(Cl)c1,-3.924,training
353,Cc1c2ccccc2c(C)c2ccccc12,-6.57,training
354,CCCCCC(=O)OC,-1.87,training
355,CN(C)C(=O)Nc1ccc(-n2nc(C(C)(C)C)oc2=O)c(Cl)c1,-4.328,training
356,CC(=O)Nc1ccc(F)cc1,-1.78,training
358,C1=CCCCC1,-2.59,training
359,CC12CCC(=O)C=C1CCC1C2C(O)CC2(C)C1CCC2(O)C(=O)CO,-3.09,training
360,c1cncnc1,1.1,training
361,O=[N+]([O-])c1ccc(Cl)cc1,-2.92,training
362,CCC(=O)OC,-0.14,training
364,CCCCN(C)C(=O)Nc1ccc(Cl)c(Cl)c1,-4.77,training
365,CN1CC(O)N(c2nnc(C(C)(C)C)s2)C1=O,-1.8769999999999998,training
367,Ic1ccccc1,-3.01,training
368,Cc1ccccc1N1C(=O)c2cc(S(N)(=O)=O)c(Cl)cc2NC1C,-3.78,training
369,COc1ccccc1OCC(O)COC(N)=O,-0.985,training
370,CCCCOCN(C(=O)CCl)c1c(CC)cccc1CC,-4.19,training
371,Oc1cccc(Cl)c1Cl,-1.3,training
372,CCCC(=O)OC,-1.92,training
373,CCC(=O)Nc1ccc(Cl)c(Cl)c1,-3.0,training
374,Nc1nc(N)c2nc(-c3ccccc3)c(N)nc2n1,-2.404,training
376,OCC(O)C1OC2OC(C(Cl)(Cl)Cl)OC2C1O,-1.84,training
377,Cc1ccc(N=CN(C)C=Nc2ccc(C)cc2C)c(C)c1,-5.47,training
379,C=CCCCCCC,-4.44,training
380,Cc1ccc(N)cc1,-1.21,training
381,Nc1nccs1,-0.36,training
382,CNC(=O)Oc1ccccc1,-1.8030000000000002,training
384,Oc1c2ccccc2cc2ccccc12,-4.73,training
385,Cc1ccc2cc3ccccc3cc2c1,-6.96,training
388,CCCCCCCC(C)O,-2.74,training
389,CN(C(=O)NC(C)(C)c1ccccc1)c1ccccc1,-3.35,training
391,N#Cc1cc(Br)c(O)c(Br)c1,-3.33,training
392,Clc1ccc(-c2ccccc2)cc1Cl,-6.39,training
393,CN(C(=O)COc1nc2ccccc2s1)c1ccccc1,-4.873,training
394,Oc1cccc2ncccc12,-2.54,training
396,CCOc1ccc2nc(S(N)(=O)=O)sc2c1,-3.81,training
397,Oc1c(Cl)c(Cl)c(Cl)c(Cl)c1Cl,-4.28,training
398,ClCBr,-0.89,training
399,CCC1(CC)C(=O)NC(=O)N(C)C1=O,-2.23,training
401,NC(=O)NCc1ccccc1,-0.95,training
403,CON(C)C(=O)Nc1ccc(Cl)c(Cl)c1,-3.592,training
405,CS(=O)(=O)c1ccc(C(O)C(CO)NC(=O)C(Cl)Cl)cc1,-2.154,training
406,CCCC(C)C1(CC)C(=O)NC(=S)NC1=O,-3.36,training
407,CC(=O)Nc1nnc(S(N)(=O)=O)s1,-2.36,training
408,O=[N+]([O-])c1ccc(O)cc1,-0.74,training
409,ClC1=C(Cl)C2(Cl)C3C4C=CC(C4)C3C1(Cl)C2(Cl)Cl,-6.307,training
410,C1CCOC1,0.49,training
412,Clc1cccc(-c2cccc(Cl)c2Cl)c1Cl,-7.28,training
413,CCCCC1C(=O)N(c2ccccc2)N(c2ccccc2)C1=O,-3.81,training
414,Cc1c([N+](=O)[O-])cccc1[N+](=O)[O-],-3.0,training
416,CCN(CC)c1nc(Cl)nc(N(CC)CC)n1,-4.4110000000000005,training
417,O=C1C2CC=CCC2C(=O)N1SC(Cl)(Cl)C(Cl)Cl,-5.4,training
418,Brc1ccc(Br)c(Br)c1,-4.5,training
420,C=CCC1(C(C)CCC)C(=O)NC(=O)NC1=O,-2.356,training
421,Cc1ccc(C(C)C)cc1O,-2.08,training
422,O=C1CSC(=S)N1,-1.77,training
423,O=c1c(O)c(-c2ccc(O)cc2O)oc2cc(O)cc(O)c12,-3.083,training
426,C1CCCCC1,-3.1,training
427,ClC1=C(Cl)C(Cl)(C2(Cl)C(Cl)=C(Cl)C(Cl)=C2Cl)C(Cl)=C1Cl,-7.278,training
428,Cc1cc(Cl)ccc1N=CN(C)C,-2.86,training
429,CC12CCc3c(ccc4cc(O)ccc34)C1CCC2=O,-5.24,training
430,CCCCCCCCO,-2.39,training
431,CCSCC,-1.34,training
433,CCC(C)(C)Cl,-2.51,training
434,ClCCBr,-1.32,training
435,Nc1ccc([N+](=O)[O-])cc1,-2.37,training
436,OCC1OC(OC2C(CO)OC(O)C(O)C2O)C(O)C(O)C1O,-0.244,training
437,CCN1C(=O)c2cccnc2N(CC)c2ncccc21,-2.86,training
438,Clc1ccccc1,-2.38,training
439,C=CCCCCCCC,-5.05,training
440,Brc1ccc(I)cc1,-4.56,training
441,CCC(C)(O)CC,-0.36,training
442,CCCCCc1ccccc1,-4.64,training
443,NC(=O)NC1NC(=O)NC1=O,-1.6,training
444,O=C(OCC(O)CO)c1ccccc1Nc1ccnc2cc(Cl)ccc12,-4.5710000000000015,training
445,Clc1ccc(C(c2ccc(Cl)cc2)C(Cl)Cl)cc1,-7.2,training
446,CC(=O)OC1CCC2C3CCC4=CC(=O)CCC4(C)C3CCC12C,-5.184,training
449,CCCCC(C)O,-0.89,training
451,CCOC(=O)c1cncn1C(C)c1ccccc1,-4.735,training
452,Oc1ccc(Cl)c(Cl)c1,-1.25,training
453,CC1(C)C(C=C(Cl)Cl)C1C(=O)OC(C#N)c1cccc(Oc2ccccc2)c1,-8.017000000000001,training
455,CCCCCO,-0.6,training
456,CCN(CC)c1ccccc1,-3.03,training
458,N#CCCCl,-0.29,training
460,Clc1ccccc1I,-3.54,training
461,c1ccc2[nH]nnc2c1,-0.78,training
462,CNC(=O)Oc1cccc2c1OC(C)(C)C2,-2.8,training
463,Cc1cccc(C)c1O,-1.29,training
464,CC(C)C(C)O,-0.18,training
465,OC(c1ccccc1)c1ccccc1,-2.55,training
466,CCCCCCCCCC(=O)OC,-4.69,training
467,COP(=S)(OC)Oc1ccc([N+](=O)[O-])cc1Cl,-4.31,training
468,CC(C)CBr,-2.43,training
470,Cc1nc(N(C)C)nc(OC(=O)N(C)C)c1C,-1.95,training
471,CCCCCCBr,-3.81,training
472,CCCC(C)C,-3.74,training
473,Cc1c(F)c(F)c(COC(=O)C2C(C=C(Cl)C(F)(F)F)C2(C)C)c(F)c1F,-7.3210000000000015,training
474,CCc1cccc(C)c1N(C(=O)CCl)C(C)COC,-2.73,training
476,CC(C)C(Nc1ccc(C(F)(F)F)cc1Cl)C(=O)OC(C#N)c1cccc(Oc2ccccc2)c1,-8.003,training
477,Nc1nc[nH]n1,0.522,training
478,BrC(Br)Br,-1.91,training
479,COP(=O)(OC)C(O)C(Cl)(Cl)Cl,-0.22,training
481,OCc1ccccc1,-0.4,training
482,O=c1oc2ccccc2c(O)c1C1CCCc2ccccc21,-2.84,training
483,Oc1ccc(Br)cc1,-1.09,training
484,CC(C)Br,-1.59,training
485,CC(C)CC(C)(C)C,-4.74,training
486,O=[N+]([O-])c1cc([N+](=O)[O-])cc([N+](=O)[O-])c1,-2.89,training
487,CN1C(=O)CN=C(c2ccccc2)c2cc([N+](=O)[O-])ccc21,-3.7960000000000003,training
488,CCC,-1.94,training
489,Nc1cc(N2CCCCC2)nc(N)[n+]1[O-],-1.989,training
490,Nc1cccc2nc3ccccc3cc12,-4.22,training
492,OC(c1ccc(Cl)cc1)(c1ccc(Cl)cc1)C(Cl)(Cl)Cl,-5.666,training
493,c1cc2c3c(cccc3c1)CC2,-4.63,training
494,Brc1ccc(Br)cc1,-4.07,training
495,Cn1c(=O)on(-c2ccc(Cl)c(Cl)c2)c1=O,-2.82,training
496,Oc1ccc(-c2ccccc2)cc1,-3.48,training
497,CC1=C(C(=O)Nc2ccccc2)CCCO1,-2.56,training
498,C=COCC,-0.85,training
499,C#CCC,-1.24,training
500,COc1ncnc2nccnc12,-1.11,training
501,CCCCC(C)(O)CC,-1.6,training
502,Clc1ccc(Cl)cc1,-3.27,training
503,CC(=O)OCN1C(=O)NC(c2ccccc2)(c2ccccc2)C1=O,-4.47,training
504,CSCS(=O)CC(CO)NC(=O)C=Cc1c(C)[nH]c(=O)[nH]c1=O,-1.9809999999999999,training
505,Cc1c[nH]c2ccccc12,-2.42,training
506,COc1ncc2nccnc2n1,-1.11,training
507,CNC(=O)Oc1ccccc1C1OCCO1,-1.57,training
508,CC(C)CNC(=O)N1CCNC1=O,-2.15,training
509,CC#N,0.26,training
510,CCOC(=O)NCCOc1ccc(Oc2ccccc2)cc1,-4.7,training
511,CC(=O)N(c1onc(C)c1C)S(=O)c1ccc(N)cc1,-3.59,training
513,CCCCO,0.0,training
514,CC1CCCCC1NC(=O)Nc1ccccc1,-4.11,training
515,Clc1cc(Cl)cc(Cl)c1,-4.48,training
518,O=Cc1ccc2c(c1)OCO2,-1.63,training
519,C=C(C)C,-2.33,training
520,O=Cc1ccccc1,-1.19,training
521,C=C(C)C(=C)C,-2.4,training
522,CCOC(=O)CCN(SN(C)C(=O)Oc1cccc2c1OC(C)(C)C2)C(C)C,-4.71,training
523,CN1C(=O)c2cccnc2Oc2ccccc21,-3.6719999999999997,training
524,c1ccc2c(c1)Cc1ccccc1-2,-5.0,training
525,CC1CCCCC1,-3.85,training
526,N=C(N)NS(=O)(=O)c1ccc(N)cc1,-1.99,training
528,CC1CCCO1,0.11,training
530,OCc1ccccc1OC1OC(CO)C(O)C(O)C1O,-0.85,training
532,CCNc1nc(NC(C)C)nc(SC)n1,-3.04,training
533,CCCO,0.62,training
534,CC(=O)C1(O)CCC2C3CCC4=CC(=O)CCC4(C)C3CCC21C,-3.8169999999999997,training
535,CCCC(C)O,-0.29,training
536,O=C(c1ccccc1)C(O)c1ccccc1,-2.85,training
537,Cc1ccc(O)c(C)c1,-1.19,training
538,O=[N+]([O-])c1cccc(Cl)c1,-2.77,training
539,Cc1c(N)c(=O)n(-c2ccccc2)n1C,-0.624,training
540,Clc1ccc(-c2cc(Cl)ccc2Cl)c(Cl)c1,-6.57,training
541,ClC(Cl)=C(Cl)C(Cl)=C(Cl)Cl,-4.92,training
543,CCC(C)CCO,-0.71,training
545,C#CC1(O)CCC2C3CCC4=Cc5oncc5CC4(C)C3CCC21C,-5.5070000000000014,training
546,CCCCI,-2.96,training
547,CC1OC(OC2C(O)CC(OC3C(O)CC(OC4CCC5(C)C(CCC6C5CC(O)C5(C)C(C7=CC(=O)OC7)CCC65O)C4)OC3C)OC2C)CC(O)C1O,-4.081,training
548,FC(F)(F)c1ccccc1,-2.51,training
550,c1ccc2c(c1)sc1ccccc12,-4.38,training
551,Clc1ccc(-c2ccc(Cl)c(Cl)c2Cl)c(Cl)c1,-7.8,training
552,Clc1ccc(-c2ccc(Cl)c(Cl)c2Cl)c(Cl)c1Cl,-8.01,training
553,CC(=O)CC(c1ccccc1)c1c(O)c2ccccc2oc1=O,-3.8930000000000002,training
554,OC(c1ccccc1)C(O)c1ccccc1,-1.93,training
555,COC(=O)c1ccccc1C(=O)OC,-1.66,training
556,CCCCCCCC(=O)OCC,-3.39,training
558,CCOCCOCC,-0.77,training
559,Clc1cc(Cl)c(Cl)cc1Cl,-5.56,training
561,C=CCCCCC,-3.73,training
562,CCCCc1c(C)nc(NCC)[nH]c1=O,-3.028,training
563,CCCC(C)C1(CC)C(=O)NC(=O)NC1=O,-2.39,training
564,Nc1ccccc1Cl,-1.52,training
567,CCCCOC=O,-1.37,training
568,CC12C=CC(=O)C=C1CCC1C2C(O)CC2(C)C1CCC2(O)C(=O)CO,-3.18,training
569,ClC(Cl)Br,-1.54,training
570,CC12CC(=O)C3C(CCC4=CC(=O)CCC43C)C1CCC2=O,-3.48,training
571,c1ccc(-c2ccc(-c3ccccc3)cc2)cc1,-7.11,training
572,O=Cc1ccc(O)cc1,-0.96,training
573,CBr,-0.79,training
574,Cc1cc(S(=O)(=O)c2ccccc2)ccc1NS(=O)(=O)C(F)(F)F,-3.8,training
575,CC(=O)CC(c1ccc(Cl)cc1)c1c(O)c2ccccc2oc1=O,-5.8389999999999995,training
576,CCc1ccc2ccccc2c1,-4.29,training
577,Cc1c[nH]c(=O)nc1N,-1.4580000000000002,training
578,Clc1c(Cl)c(Cl)c(-c2ccccc2)c(Cl)c1Cl,-7.92,training
579,O=C(Nc1ccccc1)c1ccccc1I,-4.21,training
580,Cc1cc2nc3c(=O)[nH]c(=O)nc-3n(CC(O)C(O)C(O)CO)c2cc1C,-3.685,training
582,Oc1ccc(Cl)cc1Cl,-1.55,training
583,CC1(C)C(C=C(Cl)Cl)C1C(=O)OCc1cccc(Oc2ccccc2)c1,-6.291,training
584,CN1C(C(=O)Nc2ccccn2)=C(O)c2ccccc2S1(=O)=O,-4.16,training
585,CCC(=O)OCN1C(=O)NC(c2ccccc2)(c2ccccc2)C1=O,-4.907,training
587,Cc1ccccc1N,-2.21,training
588,C=CCc1ccc(OC)cc1,-2.92,training
589,CN(C)C(=O)Nc1cccc(OC(=O)NC(C)(C)C)c1,-2.93,training
590,C=CC(C)C,-2.73,training
592,CC,-1.36,training
594,Sc1nc2ccccc2s1,-3.18,training
595,Clc1c(Cl)c(Cl)c(-c2c(Cl)c(Cl)c(Cl)c(Cl)c2Cl)c(Cl)c1Cl,-11.6,training
596,COc1c2occc2cc2ccc(=O)oc12,-3.6639999999999997,training
597,CC(N)=O,1.58,training
598,Cc1cccc2ccccc12,-3.7,training
599,CCN(CC)C(=O)C(C)Oc1cccc2ccccc12,-3.57,training
600,CC(O)C(C)(C)C,-0.62,training
601,CCCC(=O)OCC,-1.36,training
602,CC1=CC(=O)c2ccccc2C1=O,-3.03,training
603,c1ccc2c(c1)ccc1ccccc12,-5.26,training
604,Cc1ccnc(C)c1,0.38,training
605,CCCCCCCCCO,-3.01,training
606,BrCBr,-1.17,training
607,CC1CC2C3CCC4=CC(=O)C=CC4(C)C3(F)C(O)CC2(C)C1(O)C(=O)CO,-3.59,training
608,Cc1ccc2cc(C)ccc2c1,-4.89,training
611,Nc1cccc([N+](=O)[O-])c1,-2.19,training
613,O=CNC(N1C=CN(C(NC=O)C(Cl)(Cl)Cl)C=C1)C(Cl)(Cl)Cl,-4.19,training
614,Cn1cc(-c2ccccc2)c(=O)c(-c2cccc(C(F)(F)F)c2)c1,-4.445,training
615,Nc1cc2c3ccccc3ccc2c2ccccc12,-6.2,training
616,CC12CCC3c4ccc(O)cc4CCC3C1CCC2=O,-3.955,training
618,CC1CO1,-0.59,training
619,O=C1CN=C(c2ccccc2)c2cc([N+](=O)[O-])ccc2N1,-3.7960000000000003,training
620,CCNC(=S)NCC,-1.46,training
621,Oc1cc(Cl)cc(Cl)c1Cl,-2.67,training
622,CCCCC(=O)OC,-1.34,training
623,Nc1ccccc1,-0.41,training
624,Cc1cccc2c(C)cccc12,-4.6789999999999985,training
625,NS(=O)(=O)c1cc2c(cc1Cl)NCNS2(=O)=O,-2.63,training
627,CCCCCOC(=O)CC,-1.28,training
629,c1ccc2c(c1)cc1ccc3cccc4ccc2c1c34,-8.699,training
631,CCC#CCC,-1.99,training
632,CC1OC(OC2C(O)CC(OC3C(O)CC(OC4CCC5(C)C(CCC6C5CCC5(C)C(C7=CC(=O)OC7)CCC65O)C4)OC3C)OC2C)CC(O)C1O,-5.292999999999998,training
633,C=C(C)CC,-2.73,training
634,Oc1cccc2cccnc12,-2.42,training
636,O=C1OC(c2ccc(O)cc2)(c2ccc(O)cc2)c2ccccc21,-2.9,training
637,Brc1cc(Br)cc(Br)c1,-5.6,training
638,COP(=S)(OC)Oc1cc(Cl)c(Cl)cc1Cl,-5.72,training
639,Cc1cc(=O)[nH]c(=S)[nH]1,-2.436,training
640,C=CCc1ccc(O)c(OC)c1,-1.56,training
642,c1cc2ccc3cccc4ccc(c1)c2c34,-6.176,training
643,CCOC(C)OCC,-0.43,training
644,CC1(C)CON(Cc2ccccc2Cl)C1=O,-2.338,training
645,CCCCOCCO,-0.42,training
646,O=[N+]([O-])c1c(Cl)c(Cl)c(Cl)c(Cl)c1Cl,-5.82,training
648,c1ccc2ncccc2c1,-1.3,training
650,OC(Cn1cncn1)(Cn1cncn1)c1ccc(F)cc1F,-1.8,training
651,O=c1[nH]c2cc(Cl)ccc2o1,-2.8310000000000004,training
653,O=C1NC(=O)C(=O)C(=O)N1,-1.25,training
654,ClCCCCl,-1.62,training
655,Fc1cccc(Br)c1,-2.67,training
657,CC(C)C(C)C,-3.65,training
658,C=CCC,-1.94,training
659,Clc1ccc(Cl)c(-c2cc(Cl)c(Cl)c(Cl)c2Cl)c1,-7.68,training
660,Nc1cc[nH]c(=O)n1,-1.155,training
661,FC(F)(Cl)C(F)(Cl)Cl,-3.04,training
663,Clc1ccc(C(c2ccccc2Cl)C(Cl)Cl)cc1,-6.51,training
665,CC12CCC3C(CC=C4CC(O)CCC43C)C1CCC2=O,-4.12,training
666,CC12CC1(C)C(=O)N(c1cc(Cl)cc(Cl)c1)C2=O,-4.8,training
667,c1cc2ccc3ccc4ccc5cccc6c(c1)c2c3c4c56,-9.017999999999999,training
668,CCC(C)c1cc([N+](=O)[O-])cc([N+](=O)[O-])c1O,-3.38,training
669,COC1=C(OC)C2C(=O)OCC2C=C1,-1.899,training
671,COc1ccccc1O,-1.96,training
672,CCOP(=S)(OCC)Oc1nc(Cl)c(Cl)cc1Cl,-5.67,training
673,Cc1c2ccccc2cc2ccccc12,-5.89,training
676,Cc1cnc2cncnc2n1,-0.8540000000000001,training
677,CCNc1nc(Cl)nc(NCC)n1,-4.55,training
678,CC(=O)N(C)C,1.11,training
679,CSc1nc(N(C)C)nc(N(C)C)n1,-2.676,training
680,C=C,-0.4,training
681,CC(C)(C)CCO,-0.5,training
682,C=CCC1(CC)C(=O)NC(=O)NC1=O,-1.614,training
683,Oc1ccc(Cl)c(Cl)c1Cl,-2.67,training
684,COc1ccccc1,-1.85,training
685,CC(C)OC(=O)C(O)(c1ccc(Cl)cc1)c1cccc(Cl)c1,-4.53,training
686,CC12CCC(=O)C=C1CCC1C2C(O)CC2(C=O)C(C(=O)CO)CCC12,-3.85,training
687,COc1ccc(Oc2ccc(NC(=O)N(C)C)cc2)cc1,-4.16,training
688,CCc1ccc(C)cc1,-3.11,training
689,CC(C)SC(C)C,-2.24,training
690,O=[N+]([O-])c1cccc([N+](=O)[O-])c1,-2.29,training
691,CCOP(=S)(OCC)SCSP(=S)(OCC)OCC,-5.54,training
692,CC(=O)OCC(=O)C1(O)CCC2C3CCC4=CC(=O)CCC4(C)C3C(=O)CC21C,-4.21,training
693,Nc1ccc(Cl)cc1,-1.66,training
694,CCCC(C)(C)CO,-1.52,training
695,c1ccoc1,-0.82,training
697,CN(C)C(=O)NC1CC2CC1C1CCCC21,-3.1710000000000003,training
698,CC(C)(C)c1ccccc1,-3.66,training
699,CC(=O)CCC1C(=O)N(c2ccccc2)N(c2ccccc2)C1=O,-3.27,training
700,CC(=O)OCC(=O)C1(O)CCC2C3CCC4=CC(=O)C=CC4(C)C3C(O)CC21C,-4.37,training
701,CCCOC,-0.39,training
702,CC(=O)OC(C)C,-0.55,training
703,Brc1ccccc1,-2.55,training
704,CCOC(=O)c1ccc(O)cc1,-2.35,training
705,CCCC(=O)OCN1C(=O)NC(c2ccccc2)(c2ccccc2)C1=O,-5.0710000000000015,training
706,CCC(=O)OC1CCC2C3CCC4=CC(=O)CCC4(C)C3CCC12C,-5.37,training
708,O=c1[nH]cnc2[nH]ncc12,-2.266,training
709,C=CCl,-1.75,training
710,CN(C)C(=O)C(c1ccccc1)c1ccccc1,-2.98,training
713,O=C1NC(=O)c2ccccc21,-2.61,training
714,OC(c1ccc(Cl)cc1)(c1cncnc1)c1ccccc1Cl,-4.38,training
715,COC(=O)c1ccccc1,-1.85,training
716,Cn1ccc(=O)[nH]c1=O,-0.807,training
718,Clc1ccc(Cl)c(-c2cccc(Cl)c2Cl)c1,-6.47,training
719,CCC1NC(=O)c2cc(S(N)(=O)=O)c(Cl)cc2N1,-3.29,training
720,CN(C)C(=O)Nc1ccc(Cl)c(Cl)c1,-3.8,training
721,C1=CCCC1,-2.1,training
722,O=C1NC(=O)C(O)(C2(O)C(=O)NC(=O)NC2=O)C(=O)N1,-1.99,training
723,CCCCCCCCC,-5.88,training
725,Cc1cc2ccccc2c2ccc3ccccc3c12,-6.59,training
727,CCOC(=O)C=Cc1ccccc1,-3.0,training
728,Cc1[nH]c(=O)n(C(C)(C)C)c(=O)c1Cl,-2.484,training
729,O=C1CN=C(c2ccccc2Cl)c2cc([N+](=O)[O-])ccc2N1,-3.4989999999999997,training
730,Cc1ccc(S(N)(=O)=O)cc1,-1.74,training
731,C#CC(C)OC(=O)Nc1cccc(Cl)c1,-2.617,training
732,CCCCCC(C)C,-5.08,training
734,CCCC1C(=O)N2C(N(C)C)=Nc3ccc(C)cc3N2C1=O,-3.5380000000000003,training
735,CN1C(=O)CN=C(c2ccccc2)c2cc(Cl)ccc21,-3.7539999999999996,training
736,CCC(O)C(C)C,-0.7,training
737,CCOP(=S)(OCC)Oc1ccc(S(C)=O)cc1,-2.3,training
738,CC1(C)C2CCC1(C)C(O)C2,-2.32,training
739,CC12CCC(=O)C=C1CCC1C2CCC2(C)C(O)CCC12,-4.02,training
740,CCCCCCC,-4.53,training
741,Oc1cccc2ccccc12,-2.22,training
742,CC1CCCCC1C,-4.3,training
743,COc1cc2c(N)nc(N3CCN(C(=O)OCC(C)(C)O)CC3)nc2c(OC)c1OC,-3.638,training
744,c1cc2c3c(c4ccc5ccccc5c4cc3c1)CC2,-7.85,training
745,CC(=O)C1(C)CCC2C3C=C(C)C4=CC(=O)CCC4(C)C3CCC21C,-5.27,training
748,CCCCSP(=O)(SCCCC)SCCCC,-5.14,training
749,O=C1NC(=O)C2C=CC=CC12,-2.932,training
750,NS(=O)(=O)c1cc2c(cc1Cl)NC(C(Cl)Cl)NS2(=O)=O,-2.68,training
751,CC=C(C)C,-2.56,training
752,Cc1ccc(C)c(C)c1,-3.31,training
754,c1ccc2c(c1)cnc1ccccc12,-2.78,training
756,CCCCCCCC,-5.24,training
758,NNc1ccccc1,0.07,training
759,CCC=O,0.58,training
760,C1CCCCCCC1,-4.15,training
761,C=CCC1(CC=C)C(=O)NC(=O)NC1=O,-2.077,training
762,ClC(Cl)Cl,-1.17,training
763,O=c1ccnc(S)[nH]1,-2.273,training
765,CC1=CCCCC1,-3.27,training
766,CCCCC(C=O)CC,-2.13,training
767,COc1c2occc2c(OC)c2c(=O)cc(C)oc12,-3.0210000000000004,training
769,CCC(C=O)CC,-1.52,training
770,CCCOCCC,-1.62,training
771,CCCCCCCCCCCCCCO,-5.84,training
772,Oc1c(Cl)ccc(Cl)c1Cl,-2.64,training
773,NC(N)=O,0.96,training
776,CCCCCCCCCCCCCCCCCCO,-8.4,training
777,CC(=O)Nc1ccccc1,-1.33,training
778,O=C1C=C2CC3(O)COc4c(ccc(O)c4O)C3=C2C=C1O,-2.7,training
779,NNC(=O)c1ccncc1,0.009000000000000001,training
781,CC(C)CCOC=O,-1.52,training
782,CC(=O)c1ccccc1,-1.28,training
783,c1ccc2nc(-c3ccc4ccccc4n3)ccc2c1,-5.4,training
784,CCOP(=O)(OCC)OCC,0.43,training
785,CC12CCC(C1)C(C)(C)C2=O,-1.85,training
786,COc1cnc2cncnc2n1,-0.91,training
787,ClC1=C(Cl)C2(Cl)C3CC=CC3C1(Cl)C2(Cl)Cl,-5.64,training
788,CC(C)[N+](=O)[O-],-0.62,training
789,c1ccc2c(c1)[nH]c1ccccc12,-5.27,training
791,CCCOC(=O)c1ccc(N)cc1,-2.452,training
792,CNC(=O)C=C(C)OP(=O)(OC)OC,0.6509999999999999,training
794,CCC(C)C(C)C,-4.28,training
795,CCCCc1c(C)nc(NCC)nc1OS(=O)(=O)N(C)C,-4.16,training
796,CCN1c2ncccc2C(=S)N(C)c2cccnc21,-4.6339999999999995,training
797,CCN1C(=O)c2ccccc2Oc2ccccc21,-3.68,training
798,C1CCOCC1,-0.03,training
799,C#CCCCCC,-3.01,training
800,COc1ccc2ccc(=O)oc2c1CC=C(C)C,-4.314,training
801,Cc1ccc2c(ccc3c4c5c(cccc5cc32)CC4)c1,-7.92,training
802,CCOC(=O)c1ccccc1,-2.32,training
803,CC(C)CCl,-2.0,training
804,C#CC1(O)CCC2C3CCc4cc(O)ccc4C3CCC21C,-4.3,training
805,CCCCCCCCCCCC(=O)OC,-4.69,training
807,c1ccc2cc3cc4ccccc4cc3cc2c1,-8.6,training
808,CCCCCBr,-3.08,training
809,C/C=C/CCCC,-3.82,training
811,Clc1ccc(Cl)c(-c2c(Cl)c(Cl)cc(Cl)c2Cl)c1,-7.42,training
812,CC(Cl)(Cl)Cl,-2.0,training
813,CON(C)C(=O)Nc1ccc(Cl)cc1,-2.57,training
815,CN(C)C(=O)OC1=CC(=O)CC(C)(C)C1,-0.85,training
816,Cc1ccc(Br)cc1,-3.19,training
817,CCOCC,-0.09,training
818,CC(C)NC(=O)N1CC(=O)N(c2cc(Cl)cc(Cl)c2)C1=O,-4.376,training
819,CCCCN(CC)c1c([N+](=O)[O-])cc(C(F)(F)F)cc1[N+](=O)[O-],-5.53,training
820,Cc1cc(C)c(O)c(C)c1,-2.05,training
821,c1ccccc1,-1.64,training
822,Clc1ccc(I)cc1,-4.03,training
823,COc1ccc(NC(=O)N(C)C)cc1Cl,-2.5639999999999996,training
825,C=Cc1ccccc1,-2.82,training
826,COCOC,0.48,training
827,Cc1ccccc1C,-2.8,training
828,CCC(C)O,0.47,training
830,CC12CCC3c4ccc(O)cc4CCC3C1CC(O)C2O,-4.955,training
832,O=C1CNC(=O)N1,-0.4,training
833,CCCCCCc1ccc(O)cc1O,-2.59,training
834,C=CCSS(=O)CC=C,-0.83,training
835,CCOP(=S)(OCC)Oc1ccc2oc(=O)c(Cl)c(C)c2c1,-5.3820000000000014,training
836,Cc1c(C)c2c3ccccc3ccc2c2ccccc12,-7.01,training
837,CCCCC(=O)OC1(C(=O)CO)C(C)CC2C3CCC4=CC(=O)C=CC4(C)C3(F)C(O)CC21C,-4.71,training
838,O=c1[nH]c(=O)c2[nH]c(=O)[nH]c2[nH]1,-3.93,training
839,Oc1c(Cl)cc(Cl)c(Cl)c1Cl,-3.1,training
840,Clc1cccc(Cl)c1,-3.04,training
841,Clc1ccc(C(c2ccc(Cl)cc2)C(Cl)(Cl)Cl)cc1,-7.15,training
842,CC(C)COC=O,-1.01,training
843,CSc1ccccc1,-2.39,training
844,CCN1c2ncccc2C(=O)Nc2c(C(F)(F)F)cc(C)nc21,-4.207,training
847,NS(=O)(=O)c1cc2c(cc1C(F)(F)F)NC(Cc1ccccc1)NS2(=O)=O,-3.59,training
848,Clc1ccc(-c2cc(Cl)c(Cl)c(Cl)c2Cl)cc1Cl,-7.82,training
849,C=CC1(C)OC(=O)N(c2cc(Cl)cc(Cl)c2)C1=O,-4.925,training
850,CCNc1nc(Cl)nc(NC(C)(C)C#N)n1,-3.15,training
851,c1ccc2c(c1)c1ccccc1c1ccccc21,-6.726,training
852,CC=C(C(=CC)c1ccc(O)cc1)c1ccc(O)cc1,-4.95,training
853,CCCCC(CC)COC(=O)c1ccccc1C(=O)OCC(CC)CCCC,-6.96,training
855,COP(=O)(OC)OC(Br)C(Cl)(Cl)Br,-2.28,training
856,c1ccc(-c2ccccc2)cc1,-4.345,training
859,CC(C)CC(C)(C)O,-0.92,training
860,O=C1NC(=O)C2(CCCCCC2)C(=O)N1,-3.168,training
862,Cc1cc(C)cc(O)c1,-1.4,training
863,O=C(Nc1cccc(Cl)c1)OCC#CCCl,-4.37,training
865,Clc1ccc(Cl)c(-c2c(Cl)c(Cl)c(Cl)c(Cl)c2Cl)c1,-8.94,training
866,CCC(C)(C)C,-3.55,training
867,CNc1ccccc1,-1.28,training
868,C=CCC=C,-2.09,training
869,CC(=O)OCC(=O)C1(O)CCC2C3CCC4=CC(=O)CCC4(C)C3C(O)CC21C,-4.88,training
870,Cc1cc([N+](=O)[O-])cc([N+](=O)[O-])c1O,-1.456,training
871,O=C1Nc2ccc(Cl)cc2C(c2ccccc2Cl)=NC1O,-3.6039999999999996,training
872,Oc1cccc(Cl)c1,-0.7,training
873,Clc1cccc(Br)c1,-3.21,training
874,NS(=O)(=O)c1cc2c(cc1Cl)N=CNS2(=O)=O,-3.05,training
876,OCCOc1ccccc1,-0.7,training
877,c1ccc(Cc2ccccc2)cc1,-4.08,training
878,CCCCCC(O)CC,-1.98,training
879,CCN(Cc1c(F)cccc1Cl)c1c([N+](=O)[O-])cc(C(F)(F)F)cc1[N+](=O)[O-],-6.78,training
880,CC(C)Nc1nc(Cl)nc(NC(C)C)n1,-4.43,training
881,CCCC(C)CO,-1.11,training
882,CCCCC(C)(C)O,-1.08,training
883,CCc1ccccc1,-2.77,training
884,CCC1(CC=C(C)C)C(=O)NC(=O)NC1=O,-2.253,training
886,C=C(Br)CC1(C(C)CC)C(=O)NC(=O)NC1=O,-2.647,training
887,CC1(C)C(C(=O)OC(C#N)c2cccc(Oc3ccccc3)c2)C1(C)C,-6.025,training
888,COC(C)(C)CCCC(C)CC=CC(C)=CC(=O)OC(C)C,-5.19,training
889,CCOC(=O)CC,-0.66,training
890,CSc1nc(NC(C)C)nc(NC(C)C)n1,-4.1,training
891,C#CC(C)N(C)C(=O)Nc1ccc(Cl)cc1,-3.9,training
892,Cc1cc2ccccc2cc1C,-4.72,training
893,Clc1ccc(-c2cc(Cl)ccc2Cl)cc1,-6.25,training
895,N#CN=C(N)N,-0.31,training
896,O=[N+]([O-])C(Cl)(Cl)Cl,-2.0,training
897,Clc1cccc(Cl)c1-c1ccccc1,-5.21,training
898,COc1ccc(C=O)cc1,-1.49,training
899,CC(=O)Nc1ccc([N+](=O)[O-])cc1,-2.6919999999999997,training
900,CCCCCCC(=O)OCC,-2.74,training
902,c1ccc2[nH]ncc2c1,-2.16,training
903,CC1(C)OC2CC3C4CCC5=CC(=O)C=CC5(C)C4(F)C(O)CC3(C)C2(C(=O)CO)O1,-4.31,training
904,Nc1nc2[nH]cnc2c(=O)[nH]1,-3.583,training
905,COC(C)=O,0.46,training
906,CC12CCC3C(CCC4CC(=O)CCC43C)C1CCC2O,-4.743,training
907,C=CC(O)CCC,-0.59,training
908,O=C1NC(=O)C2C3C(C(O)(c4ccccc4)c4ccccn4)=CC(C3=C(c3ccccc3)c3ccccn3)C12,-3.931,training
909,CCCCOCCCC,-1.85,training
911,CCN1c2nc(N(C)CCO)ccc2NC(=O)c2cccnc21,-3.36,training
912,CCCC(C)(C)O,-0.49,training
913,Nc1nc(=O)[nH]cc1F,-0.972,training
914,CCCCOc1ccc(C(=O)OCC)c(N(CC)CC)c1,-3.84,training
915,CCCCCC(C)(C)O,-1.72,training
918,c1cnc2ncncc2n1,0.02,training
919,CCOP(=S)(OCC)Oc1ccc([N+](=O)[O-])cc1,-4.66,training
920,C,-0.9,training
923,CCC(C)C(C)=O,-0.67,training
925,O=c1oc2ccccc2c(O)c1C(CC(O)c1ccc(-c2ccc(Br)cc2)cc1)c1ccccc1,-4.445,training
926,C[N+](=O)[O-],0.26,training
927,CC(C)N(C(=O)SCC(Cl)=C(Cl)Cl)C(C)C,-4.88,training
928,C=CCCC=C,-2.68,training
929,c1ccc2[nH]ccc2c1,-1.52,training
930,CC12CCC3C(CCC4=CC(=O)CCC43C)C1CCC2=O,-3.69,training
931,C=CCCCC,-3.23,training
932,Cc1cccc(C)c1NC(=O)c1cc(S(N)(=O)=O)c(Cl)cc1O,-3.79,training
934,CCCCCCCC(C)=O,-2.58,training
935,COC(=O)Nc1nc2ccc(C(=O)c3ccccc3)cc2[nH]1,-3.88,training
936,CC(C)OC(=O)Nc1cccc(Cl)c1,-3.38,training
937,CCN1c2ncccc2C(=O)N(C)c2ccc(Cl)nc21,-4.114,training
938,CNC(=O)Oc1cccc2ccccc12,-3.2239999999999998,training
939,C#C,0.29,training
940,Cc1cncc(C)c1,0.38,training
942,CCOC(=O)N(C)C(=O)CSP(=S)(OCC)OCC,-2.5180000000000002,training
944,CC(Cl)CCl,-1.6,training
945,CCCC=C(C=O)CC,-2.46,training
946,CCOP(=S)(OCC)SCCSCC,-4.23,training
947,CC(=O)OC1(C)CCC2C3CCC4=CC(=O)CCC4(C)C3CCC21C,-5.284,training
948,Clc1ccc(-c2c(Cl)cccc2Cl)cc1,-6.14,training
949,O=C(NC(=O)c1c(F)cccc1F)Nc1ccc(Cl)cc1,-6.02,training
951,CC(C)CCCCCOC(=O)c1ccccc1C(=O)OCCCCCC(C)C,-6.6370000000000005,training
952,CC12CCC(=O)C=C1CCC1C2C(O)CC2(C)C(C(=O)CO)CCC12,-3.24,training
953,Cc1cc(C)cc(C)c1,-3.4,training
954,CCCCCCCCOC(=O)c1ccccc1C(=O)OCCCCCCCC,-5.115,training
955,CCCCCCCCCCCCCCCO,-6.35,training
956,Clc1cccc(Cl)c1-c1c(Cl)cccc1Cl,-7.39,training
957,CC1(C)C(=O)NC(=O)NC1=O,-1.742,training
958,CC(C)I,-2.09,training
959,O=[N+]([O-])c1ccccc1[N+](=O)[O-],-3.1,training
960,CC(=O)C(C)C,-0.12,training
961,CCCCCCCCCCCCCCCC,-8.4,training
962,Cc1cccc2sc3nncn3c12,-2.07,training
963,CCCCCCC(C)=O,-2.05,training
964,CCCCCCCCC(=O)OC,-3.38,training
965,Fc1ccc(F)cc1,-1.97,training
966,O=C1CCC(N2C(=O)c3ccccc3C2=O)C(=O)N1,-2.676,training
967,CCCN(CCC)c1c([N+](=O)[O-])cc(C(F)(F)F)cc1[N+](=O)[O-],-5.68,training
971,CC(C)=CC1C(C(=O)OCc2cccc(Oc3ccccc3)c2)C1(C)C,-5.24,training
972,CN(C)C(=O)NC1CCCCCCC1,-2.218,training
973,ClC1(Cl)C2(Cl)C3(Cl)C4(Cl)C(Cl)(Cl)C5(Cl)C3(Cl)C1(Cl)C5(Cl)C24Cl,-6.8,training
974,CCCCCCCCBr,-5.06,training
975,CCCCNC(=O)n1c(NC(=O)OC)nc2ccccc21,-4.883,training
976,Cc1c(N(C)C)c(=O)n(-c2ccccc2)n1C,-0.364,training
977,CCC(O)CC,-0.24,training
978,Cc1ccc([N+](=O)[O-])cc1,-2.49,training
979,CC(C)CCCO,-1.14,training
980,C#CC1(O)CCC2C3CCC4=CC(=O)CCC4(O)C3CCC21C,-4.57,training
981,CC(C)OC(=O)C(O)(c1ccc(Br)cc1)c1ccc(Br)cc1,-4.93,training
982,Nc1cnn(-c2ccccc2)c(=O)c1Cl,-2.878,training
983,CCC(C)(C)O,0.15,training
985,CCOC=O,0.15,training
986,CN(C)c1ccccc1,-1.92,training
987,C1CCC2CCCCC2C1,-5.19,training
988,CCCCS,-2.18,training
989,c1ccc2c(c1)c1cccc3ccc4cccc2c4c31,-7.8,training
990,ClC(Cl)=C(Cl)Cl,-2.54,training
991,CCC(=O)CC,-0.28,training
992,C=CC#N,0.15,training
994,CCCCC(C)=O,-0.8,training
995,CCNc1nc(NC(C)(C)C)nc(OC)n1,-3.239,training
996,CCCCC(C)CC,-5.16,training
998,CNC(=O)Oc1ccccc1C(C)C,-2.863,training
1000,c1ccc2c(c1)Cc1c-2ccc2ccccc12,-6.68,training
1001,COc1ccccc1Cl,-2.46,training
1002,COP(=S)(OC)Oc1cc(Cl)c(Br)cc1Cl,-6.09,training
1003,O=C(CC(Cl)Cl)NC1=C(Cl)C(=O)c2ccccc2C1=O,-5.03,training
1004,C=CC(=O)OC,-0.22,training
1005,CN(C)C(=O)Nc1ccc(Oc2ccc(Cl)cc2)cc1,-4.89,training
1006,c1ccc(N=Nc2ccccc2)cc1,-4.45,training
1007,Cc1ccc(C(C)C)cc1,-3.77,training
1008,Oc1c(Cl)cccc1Cl,-1.79,training
1009,OCC1OC(OC2(CO)OC(CO)C(O)C2O)C(O)C(O)C1O,0.79,training
1010,OC1C(O)C(O)C(O)C(O)C1O,0.35,training
1011,Cn1c(=O)c2c(ncn2CC(O)CO)n(C)c1=O,-0.17,training
1012,O=C(NC(CO)C(O)c1ccc([N+](=O)[O-])cc1)C(Cl)Cl,-2.1109999999999998,training
1013,CCC(O)(CC)CC,-0.85,training
1015,Brc1ccccc1Br,-3.5,training
1016,Oc1c(Cl)cc(Cl)cc1Cl,-2.34,training
1017,CCCN(CCC)c1c([N+](=O)[O-])cc(S(N)(=O)=O)cc1[N+](=O)[O-],-5.16,training
1018,O=C1c2ccccc2Cc2ccccc2N1CCF,-4.7989999999999995,training
1019,CC(C)C(=O)C(C)C,-1.3,training
1020,CC(C)=CCC1(C(C)C)C(=O)NC(=O)NC1=O,-2.593,training
1021,COC1=CC2OC3C=CC(O)=CC3C(=O)C2C(O)=C1,-2.943,training
1022,Cn1c(=O)c2c(ncn2C)n(C)c1=O,-0.8759999999999999,training
1023,CC(=O)SC1CC2=CC(=O)CCC2(C)C2CCC3(C)C(CCC34CCC(=O)O4)C12,-4.173,training
1024,Cc1ccc(O)cc1C,-1.38,training
1025,c1ccc(Oc2ccccc2)cc1,-3.96,training
1028,Sc1ccccc1,-2.12,training
1029,CNC(=O)Oc1cc(C)cc(C)c1,-2.5810000000000004,training
1030,ClC1=C(Cl)C2(Cl)C3C(Cl)C(Cl)CC3C1(Cl)C2(Cl)Cl,-6.86,training
1031,CSSC,-1.44,training
1032,NC(=O)c1ccccc1,-0.96,training
1033,Clc1ccccc1Br,-3.19,training
1035,CCCCC(O)CC,-1.47,training
1036,CCN1c2ncccc2C(=O)Nc2c(C)cc(C)nc21,-4.5539999999999985,training
1037,Oc1cc(Cl)cc(Cl)c1,-1.34,training
1038,Cc1cccc2c1ccc1ccccc12,-5.85,training
1042,Clc1cccc(C(Cl)(Cl)Cl)n1,-3.76,training
1043,C1=CCCCCC1,-3.18,training
1045,COC1=CC(=O)CC(C)C12Oc1c(Cl)c(OC)cc(OC)c1C2=O,-3.2460000000000004,training
1047,CCC(C)(C)CC,-4.23,training
1048,CNC(=O)C(C)SCCSP(=O)(OC)OC,1.1440000000000001,training
1049,Oc1cc(Cl)c(Cl)c(Cl)c1Cl,-3.15,training
1050,CCCC=O,-0.01,training
1051,CC(=O)OCC(=O)C1(O)C(C)CC2C3CCC4=CC(=O)C=CC4(C)C3(F)C(O)CC21C,-4.9,training
1052,CCCC,-2.57,training
1053,CC(=O)C1(O)CCC2C3CC(C)C4=CC(=O)C=CC4(C)C3(F)C(O)CC21C,-4.099,training
1056,CC(C)CO,0.1,training
1061,Oc1c(Cl)c(Cl)cc(Cl)c1Cl,-3.37,training
1062,CCCc1ccccc1,-3.37,training
1063,FC(F)(Cl)C(F)(F)Cl,-2.74,training
1064,CC=CC=O,0.32,training
1065,CN(C)C(=O)N(C)C,0.94,training
1066,Cc1cc(C)c(C)cc1C,-4.59,training
1067,C#CC1(OC(C)=O)CCC2C3CCC4=CC(=O)CCC4C3CCC21C,-4.8,training
1068,CCOP(=S)(OCC)N1C(=O)c2ccccc2C1=O,-3.35,training
1069,O=C(Nc1ccccc1)c1ccccc1O,-3.59,training
1070,C=C(Cl)CSC(=S)N(CC)CC,-3.39,training
1071,CCCl,-1.06,training
1072,CC(=O)Nc1cc(NS(=O)(=O)C(F)(F)F)c(C)cc1C,-3.24,training
1073,O=C(C=CC=Cc1ccc2c(c1)OCO2)N1CCCCC1,-3.46,training
1074,C/C=C\CC,-2.54,training
1076,O=C1NC(=O)C2(CCCCCCC2)C(=O)N1,-2.9819999999999998,training
1077,CNC(=O)Oc1cc(C(C)(C)C)cc(C(C)(C)C)c1,-4.24,training
1078,O=C1CC(c2ccc(O)c(O)c2)Oc2cc(O)cc(O)c21,-3.62,training
1079,O=C(c1ccccc1)c1ccccc1,-3.12,training
1080,CCCCCCCCCCCCCCCCCCCC,-8.172,training
1081,c1ccc(NNc2ccccc2)cc1,-2.92,training
1082,CCC(CC)CO,-1.17,training
1083,Oc1ccncc1,1.02,training
1085,CC1CCCC1,-3.3,training
1086,CC(C)CC(C)O,-0.8,training
1087,Cc1ccc2c(c1)C(=O)N(C)c1cc(N)ccc1O2,-3.928,training
1089,CC(C)(C)C(=O)C(Oc1ccc(Cl)cc1)n1cncn1,-3.61,training
1090,Cc1cc(C(=O)NNCc2ccccc2)no1,-2.461,training
1091,C=CC,-1.08,training
1092,Oc1ccc(Cl)cc1Cc1cc(Cl)ccc1O,-3.9530000000000003,training
1093,CCOC(=O)Nc1cccc(OC(=O)Nc2ccccc2)c1,-4.632,training
1094,O=C1c2ccccc2C(=O)c2ccccc21,-5.19,training
1095,CCCCCCC(C)O,-2.09,training
1096,CC1=C(C(=O)Nc2ccccc2)S(=O)(=O)CCO1,-2.281,training
1098,O=C1NC(=O)C(=O)N1,-0.4,training
1099,COP(=S)(OC)Oc1ccc(Sc2ccc(OP(=S)(OC)OC)cc2)cc1,-6.237,training
1100,NS(=O)(=O)c1cc(C2(O)NC(=O)c3ccccc32)ccc1Cl,-3.451,training
1101,CC(=O)OCC(C)C,-1.21,training
1102,CC(C)C(C)(C)C,-4.36,training
1103,Clc1ccc(-c2c(Cl)cc(Cl)c(Cl)c2Cl)c(Cl)c1Cl,-7.66,training
1105,Cc1cccc([N+](=O)[O-])c1,-2.44,training
1106,FC(F)(F)C(Cl)Br,-1.71,training
1107,CNC(=O)ON=C(SC)C(=O)N(C)C,0.106,training
1109,CCC(C)C,-3.18,training
